Size,FullTime,EnqueueTime,WaitTime,BaseSize,PermIndex,Shift
[1,0]<stdout>:1,0.032226,0.027432,0.014920,2,1,1
[1,0]<stdout>:2,0.022763,0.019129,0.005909,4,1,1
[1,0]<stdout>:1,0.022561,0.017626,0.005715,4,1,2
[1,0]<stdout>:1,0.023738,0.018027,0.006210,4,2,2
[1,0]<stdout>:4,0.023195,0.018020,0.006297,8,1,1
[1,0]<stdout>:2,0.022608,0.017514,0.005622,8,1,2
[1,0]<stdout>:1,0.022373,0.017693,0.005367,8,1,3
[1,0]<stdout>:2,0.023507,0.017453,0.006251,8,2,2
[1,0]<stdout>:1,0.023288,0.017834,0.005886,8,2,3
[1,0]<stdout>:1,0.025171,0.017716,0.007797,8,3,3
[1,0]<stdout>:8,0.022219,0.017836,0.005008,16,1,1
[1,0]<stdout>:4,0.024532,0.017934,0.006714,16,1,2
[1,0]<stdout>:2,0.022341,0.017523,0.005402,16,1,3
[1,0]<stdout>:4,0.022966,0.017682,0.005808,16,2,2
[1,0]<stdout>:2,0.023320,0.018034,0.006533,16,2,3
[1,0]<stdout>:2,0.024782,0.017870,0.007535,16,3,3
[1,0]<stdout>:16,0.022670,0.018698,0.005753,32,1,1
[1,0]<stdout>:8,0.022729,0.017627,0.005189,32,1,2
[1,0]<stdout>:4,0.023019,0.017902,0.005939,32,1,3
[1,0]<stdout>:8,0.023095,0.017802,0.005785,32,2,2
[1,0]<stdout>:4,0.023198,0.017419,0.006091,32,2,3
[1,0]<stdout>:4,0.027627,0.021319,0.007877,32,3,3
[1,0]<stdout>:32,0.023114,0.019084,0.005278,64,1,1
[1,0]<stdout>:16,0.022422,0.017912,0.005097,64,1,2
[1,0]<stdout>:8,0.022484,0.017586,0.005317,64,1,3
[1,0]<stdout>:16,0.023157,0.017633,0.005731,64,2,2
[1,0]<stdout>:8,0.036971,0.018363,0.019411,64,2,3
[1,0]<stdout>:8,0.024921,0.017743,0.008142,64,3,3
[1,0]<stdout>:64,0.022491,0.017721,0.005388,128,1,1
[1,0]<stdout>:32,0.022488,0.017902,0.005032,128,1,2
[1,0]<stdout>:16,0.022939,0.018062,0.005559,128,1,3
[1,0]<stdout>:32,0.024697,0.017559,0.007156,128,2,2
[1,0]<stdout>:16,0.023633,0.017762,0.006442,128,2,3
[1,0]<stdout>:16,0.025208,0.017837,0.007371,128,3,3
[1,0]<stdout>:128,0.023351,0.018960,0.006258,256,1,1
[1,0]<stdout>:64,0.022335,0.017957,0.005229,256,1,2
[1,0]<stdout>:32,0.022463,0.017663,0.005243,256,1,3
[1,0]<stdout>:64,0.022853,0.017811,0.005890,256,2,2
[1,0]<stdout>:32,0.023609,0.017781,0.006780,256,2,3
[1,0]<stdout>:32,0.025095,0.018365,0.007850,256,3,3
[1,0]<stdout>:256,0.022211,0.017799,0.005099,512,1,1
[1,0]<stdout>:128,0.022798,0.017762,0.005894,512,1,2
[1,0]<stdout>:64,0.022278,0.017421,0.004997,512,1,3
[1,0]<stdout>:128,0.023667,0.019126,0.005447,512,2,2
[1,0]<stdout>:64,0.022741,0.017918,0.005084,512,2,3
[1,0]<stdout>:64,0.025431,0.017793,0.008181,512,3,3
[1,0]<stdout>:512,0.022714,0.018364,0.005144,1024,1,1
[1,0]<stdout>:256,0.022389,0.018017,0.005297,1024,1,2
[1,0]<stdout>:128,0.022891,0.017528,0.006030,1024,1,3
[1,0]<stdout>:256,0.023099,0.018307,0.005964,1024,2,2
[1,0]<stdout>:128,0.023008,0.017643,0.005892,1024,2,3
[1,0]<stdout>:128,0.025624,0.017530,0.008094,1024,3,3
[1,0]<stdout>:1024,0.022790,0.017682,0.005501,2048,1,1
[1,0]<stdout>:512,0.023137,0.018302,0.005709,2048,1,2
[1,0]<stdout>:256,0.022862,0.017674,0.005541,2048,1,3
[1,0]<stdout>:512,0.023212,0.017903,0.006814,2048,2,2
[1,0]<stdout>:256,0.023405,0.017795,0.006053,2048,2,3
[1,0]<stdout>:256,0.024860,0.017840,0.007395,2048,3,3
[1,0]<stdout>:2048,0.022985,0.017965,0.006352,4096,1,1
[1,0]<stdout>:1024,0.022787,0.017646,0.005882,4096,1,2
[1,0]<stdout>:512,0.030239,0.025714,0.012001,4096,1,3
[1,0]<stdout>:1024,0.025190,0.018650,0.007214,4096,2,2
[1,0]<stdout>:512,0.024407,0.017649,0.007023,4096,2,3
[1,0]<stdout>:512,0.026574,0.018104,0.009204,4096,3,3
[1,0]<stdout>:4096,0.024716,0.017656,0.007641,8192,1,1
[1,0]<stdout>:2048,0.023966,0.017650,0.006711,8192,1,2
[1,0]<stdout>:1024,0.022648,0.017596,0.005564,8192,1,3
[1,0]<stdout>:2048,0.023708,0.017927,0.006308,8192,2,2
[1,0]<stdout>:1024,0.023176,0.017781,0.005805,8192,2,3
[1,0]<stdout>:1024,0.025422,0.017697,0.007909,8192,3,3
[1,0]<stdout>:8192,0.024972,0.018485,0.007464,16384,1,1
[1,0]<stdout>:4096,0.023129,0.017916,0.006067,16384,1,2
[1,0]<stdout>:2048,0.022963,0.017836,0.005231,16384,1,3
[1,0]<stdout>:4096,0.024260,0.017866,0.007015,16384,2,2
[1,0]<stdout>:2048,0.023561,0.019229,0.006065,16384,2,3
[1,0]<stdout>:2048,0.026072,0.017948,0.008702,16384,3,3
[1,0]<stdout>:12288,0.029283,0.018131,0.011609,24576,1,1
[1,0]<stdout>:6144,0.025466,0.018327,0.007657,24576,1,2
[1,0]<stdout>:3072,0.023269,0.019414,0.005001,24576,1,3
[1,0]<stdout>:6144,0.024429,0.017789,0.007855,24576,2,2
[1,0]<stdout>:3072,0.023905,0.017725,0.006446,24576,2,3
[1,0]<stdout>:3072,0.027498,0.018285,0.009917,24576,3,3
[1,0]<stdout>:16384,0.026023,0.017565,0.008820,32768,1,1
[1,0]<stdout>:8192,0.024256,0.017684,0.007278,32768,1,2
[1,0]<stdout>:4096,0.023065,0.017827,0.005713,32768,1,3
[1,0]<stdout>:8192,0.025347,0.017491,0.007950,32768,2,2
[1,0]<stdout>:4096,0.024348,0.017628,0.006848,32768,2,3
[1,0]<stdout>:4096,0.057820,0.050958,0.038925,32768,3,3
[1,0]<stdout>:24576,0.025732,0.017616,0.008533,49152,1,1
[1,0]<stdout>:12288,0.025550,0.021670,0.007317,49152,1,2
[1,0]<stdout>:6144,0.023936,0.017724,0.007175,49152,1,3
[1,0]<stdout>:12288,0.025613,0.017642,0.008388,49152,2,2
[1,0]<stdout>:6144,0.024507,0.018362,0.006906,49152,2,3
[1,0]<stdout>:6144,0.028022,0.017783,0.010835,49152,3,3
[1,0]<stdout>:32768,0.027026,0.017799,0.009678,65536,1,1
[1,0]<stdout>:16384,0.025992,0.018769,0.008292,65536,1,2
[1,0]<stdout>:8192,0.024120,0.017852,0.006555,65536,1,3
[1,0]<stdout>:16384,0.027327,0.017711,0.009662,65536,2,2
[1,0]<stdout>:8192,0.025593,0.017753,0.008278,65536,2,3
[1,0]<stdout>:8192,0.028723,0.018126,0.011279,65536,3,3
[1,0]<stdout>:49152,0.027896,0.019611,0.010387,98304,1,1
[1,0]<stdout>:24576,0.026372,0.017756,0.009338,98304,1,2
[1,0]<stdout>:12288,0.024273,0.017559,0.006923,98304,1,3
[1,0]<stdout>:24576,0.027539,0.018214,0.010279,98304,2,2
[1,0]<stdout>:12288,0.026001,0.018292,0.008109,98304,2,3
[1,0]<stdout>:12288,0.029695,0.017751,0.012226,98304,3,3
[1,0]<stdout>:65536,0.030053,0.017933,0.013020,131072,1,1
[1,0]<stdout>:32768,0.026348,0.017944,0.009188,131072,1,2
[1,0]<stdout>:16384,0.026424,0.017901,0.009178,131072,1,3
[1,0]<stdout>:32768,0.029979,0.017710,0.012269,131072,2,2
[1,0]<stdout>:16384,0.027127,0.017664,0.010221,131072,2,3
[1,0]<stdout>:16384,0.032140,0.020849,0.013967,131072,3,3
[1,0]<stdout>:98304,0.034486,0.017999,0.017191,196608,1,1
[1,0]<stdout>:49152,0.028343,0.018051,0.011154,196608,1,2
[1,0]<stdout>:24576,0.026685,0.017702,0.009517,196608,1,3
[1,0]<stdout>:49152,0.033415,0.018087,0.015329,196608,2,2
[1,0]<stdout>:24576,0.028017,0.018438,0.010340,196608,2,3
[1,0]<stdout>:24576,0.032611,0.017975,0.014637,196608,3,3
[1,0]<stdout>:131072,0.038782,0.017837,0.021345,262144,1,1
[1,0]<stdout>:65536,0.030944,0.017960,0.013470,262144,1,2
[1,0]<stdout>:32768,0.036072,0.017740,0.018377,262144,1,3
[1,0]<stdout>:65536,0.035668,0.019163,0.018668,262144,2,2
[1,0]<stdout>:32768,0.029867,0.017720,0.012352,262144,2,3
[1,0]<stdout>:32768,0.034700,0.018411,0.017358,262144,3,3
[1,0]<stdout>:196608,0.046509,0.018244,0.028936,393216,1,1
[1,0]<stdout>:98304,0.034443,0.018139,0.016844,393216,1,2
[1,0]<stdout>:49152,0.039892,0.017791,0.022101,393216,1,3
[1,0]<stdout>:98304,0.041917,0.018225,0.024382,393216,2,2
[1,0]<stdout>:49152,0.034259,0.019372,0.016882,393216,2,3
[1,0]<stdout>:49152,0.039363,0.018222,0.021671,393216,3,3
[1,0]<stdout>:262144,0.053711,0.018142,0.036036,524288,1,1
[1,0]<stdout>:131072,0.037751,0.018082,0.020365,524288,1,2
[1,0]<stdout>:65536,0.030446,0.017928,0.013038,524288,1,3
[1,0]<stdout>:131072,0.049106,0.018027,0.031483,524288,2,2
[1,0]<stdout>:65536,0.035848,0.018418,0.018542,524288,2,3
[1,0]<stdout>:65536,0.048306,0.019703,0.029965,524288,3,3
[1,0]<stdout>:393216,0.069353,0.018056,0.051961,786432,1,1
[1,0]<stdout>:196608,0.046789,0.018031,0.029404,786432,1,2
[1,0]<stdout>:98304,0.033755,0.017985,0.016123,786432,1,3
[1,0]<stdout>:196608,0.088752,0.018189,0.070942,786432,2,2
[1,0]<stdout>:98304,0.043122,0.018043,0.025322,786432,2,3
[1,0]<stdout>:98304,0.067571,0.018065,0.049560,786432,3,3
[1,0]<stdout>:524288,0.086665,0.018431,0.069138,1048576,1,1
[1,0]<stdout>:262144,0.053172,0.017945,0.036030,1048576,1,2
[1,0]<stdout>:131072,0.039780,0.018133,0.021761,1048576,1,3
[1,0]<stdout>:262144,0.126609,0.018775,0.108284,1048576,2,2
[1,0]<stdout>:131072,0.049282,0.018240,0.031442,1048576,2,3
[1,0]<stdout>:131072,0.094710,0.018424,0.076749,1048576,3,3
[1,0]<stdout>:786432,0.118324,0.018168,0.100503,1572864,1,1
[1,0]<stdout>:393216,0.070737,0.018125,0.053689,1572864,1,2
[1,0]<stdout>:196608,0.046077,0.018092,0.028763,1572864,1,3
[1,0]<stdout>:393216,0.433896,0.018234,0.416809,1572864,2,2
[1,0]<stdout>:196608,0.085459,0.018530,0.067143,1572864,2,3
[1,0]<stdout>:196608,0.230415,0.018695,0.212134,1572864,3,3
[1,0]<stdout>:1048576,0.150934,0.017973,0.133303,2097152,1,1
[1,0]<stdout>:524288,0.086391,0.018299,0.068931,2097152,1,2
[1,0]<stdout>:262144,0.053540,0.018111,0.036236,2097152,1,3
[1,0]<stdout>:524288,0.353259,0.018035,0.335847,2097152,2,2
[1,0]<stdout>:262144,0.276567,0.017990,0.258596,2097152,2,3
[1,0]<stdout>:262144,0.235250,0.018180,0.217196,2097152,3,3
[1,0]<stdout>:1572864,0.208383,0.018357,0.190719,3145728,1,1
[1,0]<stdout>:786432,0.119867,0.018887,0.101422,3145728,1,2
[1,0]<stdout>:393216,0.069828,0.018110,0.052379,3145728,1,3
[1,0]<stdout>:786432,0.721676,0.018233,0.704070,3145728,2,2
[1,0]<stdout>:393216,0.333575,0.018221,0.316134,3145728,2,3
[1,0]<stdout>:393216,0.314324,0.018188,0.296761,3145728,3,3
[1,0]<stdout>:2097152,0.273142,0.018300,0.255664,4194304,1,1
[1,0]<stdout>:1048576,0.153287,0.018199,0.135108,4194304,1,2
[1,0]<stdout>:524288,0.087602,0.017995,0.069608,4194304,1,3
[1,0]<stdout>:1048576,0.507765,0.018275,0.489546,4194304,2,2
[1,0]<stdout>:524288,0.356206,0.018295,0.338554,4194304,2,3
[1,0]<stdout>:524288,0.339818,0.018258,0.321560,4194304,3,3
[1,0]<stdout>:3145728,0.345466,0.018415,0.327688,6291456,1,1
[1,0]<stdout>:1572864,0.208923,0.018244,0.191053,6291456,1,2
[1,0]<stdout>:786432,0.126659,0.018530,0.108905,6291456,1,3
[1,0]<stdout>:1572864,0.828266,0.018205,0.810061,6291456,2,2
[1,0]<stdout>:786432,0.419281,0.018606,0.400684,6291456,2,3
[1,0]<stdout>:786432,0.629730,0.018599,0.611631,6291456,3,3
[1,0]<stdout>:4194304,0.490383,0.018056,0.472402,8388608,1,1
[1,0]<stdout>:2097152,0.256620,0.018336,0.239268,8388608,1,2
[1,0]<stdout>:1048576,0.152168,0.018384,0.134073,8388608,1,3
[1,0]<stdout>:2097152,1.633620,0.018287,1.615436,8388608,2,2
[1,0]<stdout>:1048576,0.565792,0.018653,0.548208,8388608,2,3
[1,0]<stdout>:1048576,0.504606,0.018247,0.486941,8388608,3,3
[1,0]<stdout>:6291456,0.712961,0.018167,0.695378,12582912,1,1
[1,0]<stdout>:3145728,0.369029,0.018217,0.350838,12582912,1,2
[1,0]<stdout>:1572864,0.203812,0.018622,0.185310,12582912,1,3
[1,0]<stdout>:3145728,1.229349,0.018229,1.211247,12582912,2,2
[1,0]<stdout>:1572864,1.028111,0.017835,1.010276,12582912,2,3
[1,0]<stdout>:1572864,1.530149,0.018761,1.512911,12582912,3,3
[1,0]<stdout>:8388608,0.923691,0.018285,0.905530,16777216,1,1
[1,0]<stdout>:4194304,0.482362,0.020104,0.463809,16777216,1,2
[1,0]<stdout>:2097152,0.269150,0.018041,0.251811,16777216,1,3
[1,0]<stdout>:4194304,1.112258,0.018080,1.095066,16777216,2,2
[1,0]<stdout>:2097152,1.353108,0.018396,1.335759,16777216,2,3
[1,0]<stdout>:2097152,1.560800,0.018314,1.543085,16777216,3,3
[1,0]<stdout>:12582912,2.064897,0.018465,2.046874,25165824,1,1
[1,0]<stdout>:6291456,0.662698,0.018327,0.645281,25165824,1,2
[1,0]<stdout>:3145728,0.345315,0.018270,0.327572,25165824,1,3
[1,0]<stdout>:6291456,1.545415,0.019896,1.526624,25165824,2,2
[1,0]<stdout>:3145728,0.826074,0.018003,0.808970,25165824,2,3
[1,0]<stdout>:3145728,1.578742,0.018095,1.560647,25165824,3,3
[1,0]<stdout>:16777216,2.446841,0.018112,2.429256,33554432,1,1
[1,0]<stdout>:8388608,0.906871,0.018227,0.888645,33554432,1,2
[1,0]<stdout>:4194304,0.484305,0.017859,0.466445,33554432,1,3
[1,0]<stdout>:8388608,1.981661,0.018164,1.963654,33554432,2,2
[1,0]<stdout>:4194304,2.248728,0.018365,2.231094,33554432,2,3
[1,0]<stdout>:4194304,1.876672,0.018328,1.858640,33554432,3,3
[1,0]<stdout>:25165824,2.792530,0.018262,2.774601,50331648,1,1
[1,0]<stdout>:12582912,1.403258,0.018390,1.385118,50331648,1,2
[1,0]<stdout>:6291456,0.678495,0.018233,0.660456,50331648,1,3
[1,0]<stdout>:12582912,2.936878,0.018488,2.919515,50331648,2,2
[1,0]<stdout>:6291456,4.864179,0.018272,4.846446,50331648,2,3
[1,0]<stdout>:6291456,2.763025,0.018166,2.745522,50331648,3,3
[1,0]<stdout>:33554432,3.652703,0.018409,3.634691,67108864,1,1
[1,0]<stdout>:16777216,1.655990,0.018124,1.638195,67108864,1,2
[1,0]<stdout>:8388608,0.999127,0.019910,0.981639,67108864,1,3
[1,0]<stdout>:16777216,3.811208,0.020167,3.793180,67108864,2,2
[1,0]<stdout>:8388608,1.906115,0.018193,1.888731,67108864,2,3
[1,0]<stdout>:8388608,3.682956,0.018238,3.664942,67108864,3,3
[1,0]<stdout>:50331648,5.705039,0.018251,5.686788,100663296,1,1
[1,0]<stdout>:25165824,2.923193,0.018645,2.905020,100663296,1,2
[1,0]<stdout>:12582912,1.580476,0.018098,1.562905,100663296,1,3
[1,0]<stdout>:25165824,5.790087,0.018435,5.772259,100663296,2,2
[1,0]<stdout>:12582912,2.839152,0.018244,2.821808,100663296,2,3
[1,0]<stdout>:12582912,6.182978,0.018113,6.165529,100663296,3,3
[1,0]<stdout>:67108864,8.240796,0.019106,8.221690,134217728,1,1
[1,0]<stdout>:33554432,4.335657,0.018744,4.317761,134217728,1,2
[1,0]<stdout>:16777216,1.904828,0.018165,1.886663,134217728,1,3
[1,0]<stdout>:33554432,7.829161,0.018317,7.811653,134217728,2,2
[1,0]<stdout>:16777216,3.786351,0.018200,3.768762,134217728,2,3
[1,0]<stdout>:16777216,7.119321,0.018193,7.101606,134217728,3,3
[1,0]<stdout>:100663296,9.954830,0.018634,9.936529,201326592,1,1
[1,0]<stdout>:50331648,5.306091,0.018352,5.288001,201326592,1,2
[1,0]<stdout>:25165824,3.475861,0.017928,3.457932,201326592,1,3
[1,0]<stdout>:50331648,11.054616,0.018108,11.037407,201326592,2,2
[1,0]<stdout>:25165824,5.782248,0.018201,5.764435,201326592,2,3
[1,0]<stdout>:25165824,10.497536,0.017913,10.479761,201326592,3,3
[1,0]<stdout>:134217728,12.917888,0.018252,12.899747,268435456,1,1
[1,0]<stdout>:67108864,7.047320,0.018641,7.028679,268435456,1,2
[1,0]<stdout>:33554432,4.054736,0.018302,4.037526,268435456,1,3
[1,0]<stdout>:67108864,15.255111,0.018136,15.237334,268435456,2,2
[1,0]<stdout>:33554432,7.557960,0.017953,7.540142,268435456,2,3
[1,0]<stdout>:33554432,14.127064,0.018428,14.109332,268435456,3,3
[1,0]<stdout>:201326592,19.176531,0.023312,19.158905,402653184,1,1
[1,0]<stdout>:100663296,12.866205,0.018173,12.848999,402653184,1,2
[1,0]<stdout>:50331648,7.064733,0.018054,7.046931,402653184,1,3
[1,0]<stdout>:100663296,22.168388,0.018991,22.150441,402653184,2,2
[1,0]<stdout>:50331648,11.003873,0.018380,10.985493,402653184,2,3
[1,0]<stdout>:50331648,22.262943,0.018254,22.244867,402653184,3,3
[1,0]<stdout>:268435456,25.675194,0.018436,25.657374,536870912,1,1
[1,0]<stdout>:134217728,13.532119,0.019556,13.512563,536870912,1,2
[1,0]<stdout>:67108864,7.567242,0.018124,7.549889,536870912,1,3
[1,0]<stdout>:134217728,28.897393,0.018204,28.879321,536870912,2,2
[1,0]<stdout>:67108864,14.486650,0.018432,14.469393,536870912,2,3
[1,0]<stdout>:67108864,28.732189,0.018279,28.714180,536870912,3,3
[1,0]<stdout>:402653184,38.380508,0.018165,38.363016,805306368,1,1
[1,0]<stdout>:201326592,19.267523,0.018355,19.249712,805306368,1,2
[1,0]<stdout>:100663296,10.226632,0.018058,10.208655,805306368,1,3
[1,0]<stdout>:201326592,47.083545,0.021753,47.062514,805306368,2,2
[1,0]<stdout>:100663296,36.548211,0.018262,36.530642,805306368,2,3
[1,0]<stdout>:100663296,41.709722,0.020800,41.689579,805306368,3,3
[1,0]<stdout>:536870912,50.884439,0.021374,50.863623,1073741824,1,1
[1,0]<stdout>:268435456,25.524312,0.018287,25.507132,1073741824,1,2
[1,0]<stdout>:134217728,12.913027,0.018175,12.895127,1073741824,1,3
[1,0]<stdout>:268435456,57.924717,0.018518,57.907442,1073741824,2,2
[1,0]<stdout>:134217728,31.658361,0.018016,31.640650,1073741824,2,3
[1,0]<stdout>:134217728,56.208050,0.018186,56.189864,1073741824,3,3
[1,0]<stdout>:1073741824,99.623027,0.018505,99.604638,2147483648,1,1
[1,0]<stdout>:536870912,50.594237,0.020938,50.576236,2147483648,1,2
[1,0]<stdout>:268435456,25.079982,0.018013,25.062068,2147483648,1,3
[1,0]<stdout>:536870912,148.322108,0.018696,148.303904,2147483648,2,2
[1,0]<stdout>:268435456,57.100505,0.018918,57.082746,2147483648,2,3
[1,0]<stdout>:268435456,109.162088,0.018568,109.144145,2147483648,3,3
[1,0]<stdout>:2147483647,199.166300,0.018844,199.148192,4294967295,1,1
[1,0]<stdout>:1073741823,102.789374,0.018789,102.771794,4294967295,1,2
[1,0]<stdout>:536870911,51.942139,0.021235,51.925114,4294967295,1,3
[1,0]<stdout>:1073741823,331.483219,0.018840,331.464710,4294967295,2,2
[1,0]<stdout>:536870911,142.486945,0.018795,142.469370,4294967295,2,3
[1,0]<stdout>:536870911,217.219707,0.022936,217.201302,4294967295,3,3
